{"time_step_size": 4.4642857142857136e-05, "number_of_steps": 22400, "write_times": [[0, 0], [2240, 0.09999999999999575], [4480, 0.20000000000001247], [6720, 0.3000000000000059], [8960, 0.3999999999999682], [11200, 0.49999999999993056], [13440, 0.6000000000000172]]}