{"time_step_size": 6.257822277847307e-05, "number_of_steps": 799, "write_times": [[0, 0], [79, 0.004943679599499376], [158, 0.009887359198998772], [237, 0.01483103879849817], [316, 0.019774718397997566], [395, 0.024718397997496963], [474, 0.02966207759699636], [553, 0.03460575719649557], [632, 0.039549436795994694], [711, 0.04449311639549382], [790, 0.04943679599499294], [799, 0.04999999999999917]]}