{"time_step_size": 0.0007812643978284212, "number_of_steps": 45254, "write_times": [[0, 0], [452, 0.353131507818448], [904, 0.7062630156369031], [1356, 1.0593945234553581], [1808, 1.4125260312738133], [2260, 1.7656575390922684], [2712, 2.1187890469107233], [3164, 2.4719205547291785], [3616, 2.8250520625476336], [4068, 3.178183570366089], [4520, 3.531315078184544], [4972, 3.884446586002999], [5424, 4.237578093821319], [5876, 4.590709601639573], [6328, 4.943841109457828], [6780, 5.296972617276082], [7232, 5.6501041250943365], [7684, 6.003235632912591], [8136, 6.356367140730845], [8588, 6.7094986485491], [9040, 7.062630156367354], [9492, 7.415761664185609], [9944, 7.768893172003863], [10396, 8.122024679822118], [10848, 8.475156187640373], [11300, 8.828287695458627], [11752, 9.181419203276882], [12204, 9.534550711095136], [12656, 9.88768221891339], [13108, 10.240813726731645], [13560, 10.5939452345499], [14012, 10.947076742368154], [14464, 11.300208250186408], [14916, 11.653339758004662], [15368, 12.006471265822917], [15820, 12.359602773641171], [16272, 12.712734281459426], [16724, 13.06586578927768], [17176, 13.418997297095935], [17628, 13.772128804914189], [18080, 14.125260312732443], [18532, 14.478391820550698], [18984, 14.831523328368952], [19436, 15.184654836187207], [19888, 15.537786344005461], [20340, 15.890917851823716], [20792, 16.244049359642524], [21244, 16.59718086746158], [21696, 16.95031237528064], [22148, 17.303443883099696], [22600, 17.656575390918753], [23052, 18.00970689873781], [23504, 18.362838406556868], [23956, 18.715969914375925], [24408, 19.069101422194983], [24860, 19.42223293001404], [25312, 19.775364437833097], [25764, 20.128495945652155], [26216, 20.481627453471212], [26668, 20.83475896129027], [27120, 21.187890469109327], [27572, 21.541021976928384], [28024, 21.89415348474744], [28476, 22.2472849925665], [28928, 22.600416500385556], [29380, 22.953548008204613], [29832, 23.30667951602367], [30284, 23.659811023842728], [30736, 24.012942531661785], [31188, 24.366074039480843], [31640, 24.7192055472999], [32092, 25.072337055118957], [32544, 25.425468562938015], [32996, 25.778600070757072], [33448, 26.13173157857613], [33900, 26.484863086395187], [34352, 26.837994594214244], [34804, 27.1911261020333], [35256, 27.54425760985236], [35708, 27.897389117671416], [36160, 28.250520625490473], [36612, 28.60365213330953], [37064, 28.956783641128588], [37516, 29.309915148947645], [37968, 29.663046656766703], [38420, 30.01617816458576], [38872, 30.369309672404817], [39324, 30.722441180223875], [39776, 31.075572688042932], [40228, 31.42870419586199], [40680, 31.781835703681047], [41132, 32.134967211500104], [41584, 32.48809871931916], [42036, 32.84123022713822], [42488, 33.194361734957276], [42940, 33.54749324277633], [43392, 33.90062475059539], [43844, 34.25375625841445], [44296, 34.606887766233505], [44748, 34.96001927405256], [45200, 35.31315078187162], [45254, 35.35533905935443]]}