{"time_step_size": 4.419498828832809e-05, "number_of_steps": 22627, "write_times": [[0, 0], [2262, 0.09996906350819576], [4524, 0.19993812701640723], [6786, 0.29990719052462655], [9048, 0.3998762540328459], [11310, 0.4998453175410652], [13572, 0.5998143810492845], [15834, 0.6997834445575039], [18096, 0.7997525080657232], [20358, 0.8997215715739425], [22620, 0.9996906350821618], [22627, 1.00000000000018]]}