{"time_step_size": 0.0007812643978284212, "number_of_steps": 45254, "write_times": [[0, 0], [452, 0.353131507818448], [904, 0.7062630156369031], [1356, 1.0593945234553581], [1808, 1.4125260312738133], [2260, 1.7656575390922684], [2712, 2.1187890469107233], [3164, 2.4719205547291785]]}