{"time_step_size": 3.156764947282025e-05, "number_of_steps": 31678, "write_times": [[0, 0], [3167, 0.09997474588041842], [6334, 0.19994949176083615], [9501, 0.29992423764125387], [12668, 0.3998989835216716], [15835, 0.4998737294020893], [19002, 0.5998484752826826], [22169, 0.6998232211632761], [25336, 0.7997979670438696], [28503, 0.8997727129244631], [31670, 0.9997474588050567], [31678, 1.0000000000008396]]}