{"time_step_size": 2.455253013823074e-05, "number_of_steps": 40729, "write_times": [[0, 0], [4072, 0.09997790272288042], [8144, 0.19995580544573502], [12216, 0.2999337081685755], [16288, 0.39991161089141597], [20360, 0.49988951361425643], [24432, 0.599867416337097], [28504, 0.6998453190599374], [32576, 0.7998232217827779], [36648, 0.8998011245056183], [40720, 0.9997790272284588], [40729, 0.9999999999997028]]}