{"time_step_size": 0.0017857142857142852, "number_of_steps": 560, "write_times": [[0, 0], [56, 0.09999999999999987], [112, 0.1999999999999995], [168, 0.29999999999999916], [224, 0.3999999999999988], [280, 0.49999999999999845], [336, 0.5999999999999981], [392, 0.6999999999999977], [448, 0.7999999999999974], [504, 0.899999999999997], [560, 0.9999999999999967]]}