{"time_step_size": 0.0005580424752087785, "number_of_steps": 63356, "write_times": [[0, 0], [633, 0.3532408868071588], [1266, 0.7064817736143071], [1899, 1.059722660421441], [2532, 1.4129635472285746], [3165, 1.7662044340357084], [3798, 2.11944532084289], [4431, 2.472686207650164], [5064, 2.8259270944574384], [5697, 3.1791679812647127], [6330, 3.532408868071987], [6963, 3.8856497548792612], [7596, 4.2388906416865355], [8229, 4.59213152849381], [8862, 4.945372415301084], [9495, 5.298613302108358], [10128, 5.651854188915633], [10761, 6.005095075722907], [11394, 6.358335962530181], [12027, 6.7115768493374555], [12660, 7.06481773614473], [13293, 7.418058622952004], [13926, 7.771299509759278], [14559, 8.124540396566552], [15192, 8.477781283373826], [15825, 8.8310221701811], [16458, 9.184263056988375], [17091, 9.537503943795649], [17724, 9.890744830602923], [18357, 10.243985717410197], [18990, 10.597226604217472], [19623, 10.950467491024746], [20256, 11.30370837783202], [20889, 11.656949264639294], [21522, 12.010190151446569], [22155, 12.363431038253843], [22788, 12.716671925061117], [23421, 13.069912811868392], [24054, 13.423153698675666], [24687, 13.77639458548294], [25320, 14.129635472290214], [25953, 14.482876359097489], [26586, 14.836117245904763], [27219, 15.189358132712037], [27852, 15.542599019519312], [28485, 15.895839906326586], [29118, 16.24908079313386], [29751, 16.602321679941134], [30384, 16.95556256674841], [31017, 17.308803453555683], [31650, 17.662044340362957], [32283, 18.01528522717023], [32916, 18.368526113977506], [33549, 18.72176700078478], [34182, 19.075007887592054], [34815, 19.42824877439933], [35448, 19.781489661206603], [36081, 20.134730548013877], [36714, 20.48797143482115], [37347, 20.841212321628426], [37980, 21.1944532084357], [38613, 21.547694095242974], [39246, 21.90093498205025], [39879, 22.254175868857523], [40512, 22.607416755664797], [41145, 22.96065764247207], [41778, 23.313898529279346], [42411, 23.66713941608662], [43044, 24.020380302893894], [43677, 24.37362118970117], [44310, 24.726862076508443], [44943, 25.080102963315717], [45576, 25.43334385012299], [46209, 25.786584736930266], [46842, 26.13982562373754], [47475, 26.493066510544814], [48108, 26.84630739735209], [48741, 27.199548284159363], [49374, 27.552789170966637], [50007, 27.90603005777391], [50640, 28.259270944581186], [51273, 28.61251183138846], [51906, 28.965752718195734], [52539, 29.31899360500301], [53172, 29.672234491810283], [53805, 30.025475378617557], [54438, 30.37871626542483], [55071, 30.731957152232106], [55704, 31.08519803903938], [56337, 31.438438925846654], [56970, 31.79167981265393], [57603, 32.14492069946028], [58236, 32.498161586265304], [58869, 32.85140247307033], [59502, 33.204643359875355], [60135, 33.55788424668038], [60768, 33.911125133485406], [61401, 34.26436602029043]]}