{"time_step_size": 0.0035714285714285713, "number_of_steps": 280, "write_times": [[0, 0], [280, 0.999999999999997]]}