{"time_step_size": 0.000125, "number_of_steps": 8000, "write_times": [[0, 0], [800, 0.10000000000000007], [1600, 0.19999999999999182], [2400, 0.29999999999998084], [3200, 0.3999999999999698], [4000, 0.4999999999999588], [4800, 0.5999999999999922], [5600, 0.7000000000000256], [6400, 0.800000000000059], [7200, 0.9000000000000924], [8000, 1.0000000000001257]]}