{"time_step_size": 0.003125195709301456, "number_of_steps": 11313, "write_times": [[0, 0], [113, 0.353147115151065], [226, 0.7062942303021318], [339, 1.0594413454531986], [452, 1.4125884606042654], [565, 1.7657355757553321], [678, 2.118882690906399], [791, 2.4720298060574657], [904, 2.8251769212085325], [1017, 3.1783240363595993], [1130, 3.531471151510666], [1243, 3.884618266661733], [1356, 4.237765381812766], [1469, 4.5909124969637825], [1582, 4.944059612114799], [1695, 5.297206727265816], [1808, 5.650353842416832], [1921, 6.003500957567849], [2034, 6.3566480727188654], [2147, 6.709795187869882], [2260, 7.062942303020899], [2373, 7.416089418171915], [2486, 7.769236533322932], [2599, 8.122383648473983], [2712, 8.4755307636251], [2825, 8.828677878776217], [2938, 9.181824993927334], [3051, 9.534972109078451], [3164, 9.888119224229568], [3277, 10.241266339380685], [3390, 10.594413454531802], [3503, 10.947560569682919], [3616, 11.300707684834036], [3729, 11.653854799985153], [3842, 12.00700191513627], [3955, 12.360149030287387], [4068, 12.713296145438504], [4181, 13.06644326058962], [4294, 13.419590375740738], [4407, 13.772737490891855], [4520, 14.125884606042971], [4633, 14.479031721194088], [4746, 14.832178836345205], [4859, 15.185325951496322], [4972, 15.53847306664744], [5085, 15.891620181798556], [5198, 16.24476729694967], [5311, 16.59791441210079], [5424, 16.951061527251905], [5537, 17.304208642403022], [5650, 17.65735575755414], [5763, 18.010502872705256], [5876, 18.363649987856373], [5989, 18.71679710300749], [6102, 19.069944218158607], [6215, 19.423091333309724], [6328, 19.77623844846084], [6441, 20.129385563611958], [6554, 20.482532678763075], [6667, 20.835679793914192], [6780, 21.18882690906531], [6893, 21.541974024216426], [7006, 21.895121139367543], [7119, 22.24826825451866], [7232, 22.601415369669777], [7345, 22.954562484820894], [7458, 23.30770959997201], [7571, 23.660856715123128], [7684, 24.014003830274245], [7797, 24.36715094542536], [7910, 24.72029806057648], [8023, 25.073445175727596], [8136, 25.426592290878713], [8249, 25.77973940602983], [8362, 26.132886521180946], [8475, 26.486033636332063], [8588, 26.83918075148318], [8701, 27.192327866634297], [8814, 27.545474981785414], [8927, 27.89862209693653], [9040, 28.25176921208765], [9153, 28.604916327238765], [9266, 28.958063442389882], [9379, 29.311210557541], [9492, 29.664357672692116], [9605, 30.017504787843233], [9718, 30.37065190299435], [9831, 30.723799018145467], [9944, 31.076946133296584], [10057, 31.4300932484477], [10170, 31.783240363598818], [10283, 32.13638747874993], [10396, 32.48953459390105], [10509, 32.842681709052165], [10622, 33.19582882420328], [10735, 33.5489759393544], [10848, 33.902123054505516], [10961, 34.25527016965663], [11074, 34.60841728480775], [11187, 34.96156439995887], [11300, 35.314711515109984], [11313, 35.35533905933091]]}