{"time_step_size": 8.839388314328647e-05, "number_of_steps": 11313, "write_times": [[0, 0], [1131, 0.09997348183505732], [2262, 0.1999469636701029], [3393, 0.2999204455051602], [4524, 0.39989392734023327], [5655, 0.4998674091753063], [6786, 0.5998408910103793], [7917, 0.6998143728454523], [9048, 0.7997878546805254], [10179, 0.8997613365155984], [11310, 0.9997348183506715], [11313, 1.0000000000001013]]}