{"time_step_size": 0.0004340315139007509, "number_of_steps": 81458, "write_times": [[0, 0], [814, 0.353301652315215], [1628, 0.7066033046304309], [2442, 1.0599049569456314], [3256, 1.413206609260757], [4070, 1.7665082615758825], [4884, 2.1198099138910083], [5698, 2.473111566206134], [6512, 2.8264132185212594], [7326, 3.179714870836385], [8140, 3.5330165231515105], [8954, 3.886318175466636], [9768, 4.239619827782007], [10582, 4.592921480097494], [11396, 4.946223132412981], [12210, 5.299524784728468], [13024, 5.652826437043955], [13838, 6.006128089359442], [14652, 6.359429741674929], [15466, 6.712731393990416], [16280, 7.066033046305903], [17094, 7.41933469862139], [17908, 7.772636350936877], [18722, 8.125938003252363], [19536, 8.47923965556785], [20350, 8.832541307883337], [21164, 9.185842960198825], [21978, 9.539144612514312], [22792, 9.892446264829799], [23606, 10.245747917145286], [24420, 10.599049569460773], [25234, 10.95235122177626], [26048, 11.305652874091747], [26862, 11.658954526407234], [27676, 12.012256178722721], [28490, 12.365557831038208], [29304, 12.718859483353695], [30118, 13.072161135669182], [30932, 13.425462787984669], [31746, 13.778764440300156], [32560, 14.132066092615643], [33374, 14.48536774493113], [34188, 14.838669397246617], [35002, 15.191971049562104], [35816, 15.545272701877591], [36630, 15.898574354193078], [37444, 16.251876006508564], [38258, 16.60517765882405], [39072, 16.958479311139538], [39886, 17.311780963455025], [40700, 17.665082615770512], [41514, 18.018384268086], [42328, 18.371685920401486], [43142, 18.724987572716973], [43956, 19.07828922503246], [44770, 19.431590877347947], [45584, 19.784892529663434], [46398, 20.13819418197892], [47212, 20.49149583429441], [48026, 20.844797486609895], [48840, 21.198099138925382], [49654, 21.55140079124087], [50468, 21.904702443556356], [51282, 22.258004095871843], [52096, 22.61130574818733], [52910, 22.964607400502818], [53724, 23.317909052818305], [54538, 23.67121070513379], [55352, 24.02451235744928], [56166, 24.377814009764766], [56980, 24.731115662080253], [57794, 25.08441731439574], [58608, 25.437718966711227], [59422, 25.791020619026714], [60236, 26.1443222713422], [61050, 26.497623923657688], [61864, 26.850925575973175], [62678, 27.204227228288662], [63492, 27.55752888060415], [64306, 27.910830532919636], [65120, 28.264132185235123], [65934, 28.61743383755061], [66748, 28.970735489866097], [67562, 29.324037142181584], [68376, 29.67733879449707], [69190, 30.03064044681256], [70004, 30.383942099128046], [70818, 30.737243751443533], [71632, 31.09054540375902], [72446, 31.443847056074507], [73260, 31.797148708389994], [74074, 32.15045036070425], [74888, 32.50375201301684], [75702, 32.85705366532944]]}